<?xml version="1.0" encoding="UTF-8"?>
<project-private xmlns="http://www.netbeans.org/ns/project-private/1">
    <editor-bookmarks xmlns="http://www.netbeans.org/ns/editor-bookmarks/2" lastBookmarkId="0"/>
    <open-files xmlns="http://www.netbeans.org/ns/projectui-open-files/2">
        <group>
            <file>file:/C:/Users/DELL/Documents/NetBeansProjects/jsp-db/web/process.jsp</file>
            <file>file:/C:/Users/DELL/Documents/NetBeansProjects/jsp-db/web/retrieve.jsp</file>
            <file>file:/C:/Users/DELL/Documents/NetBeansProjects/jsp-db/web/update.jsp</file>
            <file>file:/C:/Users/DELL/Documents/NetBeansProjects/jsp-db/web/delete.jsp</file>
            <file>file:/C:/Users/DELL/Documents/NetBeansProjects/jsp-db/web/update-process.jsp</file>
            <file>file:/C:/Users/DELL/Documents/NetBeansProjects/jsp-db/web/index.jsp</file>
        </group>
    </open-files>
</project-private>
